chr,chr.start,chr.end,pericen.start,ColdPeri.start,centromere,ColdPeri.end,pericen.end,cMMb
Chr1,0,30427671,11420001,13200001,15086045,16100001,18270000,3.1855186962039634
Chr2,30427671,50125960,31337672,32727672,34035600,36127672,37747671,3.6103420801471344
Chr3,50125960,73585790,60515961,61925961,63713746,65425961,66855960,3.2015941040808995
Chr4,73585790,92170846,74655791,74985791,77541811,78185791,80215790,3.561080135031261
Chr5,92170846,119146348,101060847,102570847,103895870,106170847,107720846,3.377968632908691
