genotype	region	nlib	co_mean	co_sd	co_se	pval.ttest	pval.wilcox
wt	arm	240	5.770833333333333	2.336177037816765	0.1507995793542751	1	1
h2aw	arm	287	4.59581881533101	2.23381121102431	0.13185770662407226	8.137939687596513e-9	6.597052820379406e-8
wt	peri	240	1.9458333333333333	1.1932442912636096	0.07702358780035054	1	1
h2aw	peri	287	2.480836236933798	1.4013537402296823	0.08271929581328478	2.843666268567669e-6	1.55180133579697e-5
