"","region","df1","df2","statistic","p"
"1","peri",1,525,14.0774702907892,0.000194980917654321
"2","arm",1,525,0.262403242874828,0.60868930521458
