genotype,co_total,nlib,co_mean,co_sd,wilcox.vs_wt,t_test.vs_wt,cos.width
wt,1852,240,7.716666666666667,2.380827651644283,1,1,1745.8579913606911
h2aw,2031,287,7.076655052264808,2.301043841002903,0.0030134615605151437,0.001909618268149596,1779.1325831702543
