genotype	nlib	n_arm	n_peri	prop_arm	prop_peri	mean_co_arm	mean_co_peri	chisq.arm	chisq.peri
wt	240	1385	467	0.7478401727861771	0.2521598272138229	5.770833333333333	1.9458333333333333	5.787220062174546e-101	5.787220062174546e-101
h2aw	287	1319	712	0.6494337764647957	0.35056622353520434	4.59581881533101	2.480836236933798	3.4537448984863013e-11	3.4537448984863013e-11
