region,.y.,group1,group2,estimate,conf.low,conf.high,p.adj,p.adj.signif
peri,n,wt,h2aw,0.5350029036004647,0.31296188975896316,0.7570439174419661,2.84e-6,****
arm,n,wt,h2aw,-1.1750145180023228,-1.5685817318811477,-0.7814473041234979,8.27e-9,****
